Case number,AER form,Received date,Reporter,Country,Gender,Species,Breed,Drug,Reaction,Animals affected,Animals treated,Animals died
BEL-ZOETISPV-2021-BE-00221,"<a target=""_blank""  href=""/xmlpserver/EVVET3 PW NEW/Subject Area Contents/Public Website/Report (PDF)/AER.xdo?_xpf=&_xpt=1&_params%2FOracle%20BI%20EE%3A%3ADefaultApp%3A%3AEVVET3%20PR%20NEW%2FAER%3A%3Adimension%2FAER%20Id%3A%3Aattribute%3A%3Anoaggr%3A%3Axsd%3Adouble=1599345&_xt=AER&_xf=pdf""> AER </a>",2021-12-06 00:00:00,Veterinarian,Belgium,MALE,Cat,Maine Coon,Solensia 7 mg/ml - Solution for injection,"Death by euthanasia, Elevated blood urea nitrogen (BUN), Elevated creatinine, Elevated symmetrical dimethylarginine (SDMA), Pruritus",1,1,1
BEL-ZOETISPV-2021-BE-00222,"<a target=""_blank""  href=""/xmlpserver/EVVET3 PW NEW/Subject Area Contents/Public Website/Report (PDF)/AER.xdo?_xpf=&_xpt=1&_params%2FOracle%20BI%20EE%3A%3ADefaultApp%3A%3AEVVET3%20PR%20NEW%2FAER%3A%3Adimension%2FAER%20Id%3A%3Aattribute%3A%3Anoaggr%3A%3Axsd%3Adouble=1599252&_xt=AER&_xf=pdf""> AER </a>",2021-12-06 00:00:00,Veterinarian,Belgium,MALE,Cat,Unknown,Solensia 7 mg/ml - Solution for injection,"Death by euthanasia, Elevated creatinine, Elevated symmetrical dimethylarginine (SDMA), Low blood urea nitrogen (BUN), Pruritus",1,1,1
BEL-ZOETISPV-2021-BE-00223,"<a target=""_blank""  href=""/xmlpserver/EVVET3 PW NEW/Subject Area Contents/Public Website/Report (PDF)/AER.xdo?_xpf=&_xpt=1&_params%2FOracle%20BI%20EE%3A%3ADefaultApp%3A%3AEVVET3%20PR%20NEW%2FAER%3A%3Adimension%2FAER%20Id%3A%3Aattribute%3A%3Anoaggr%3A%3Axsd%3Adouble=1599346&_xt=AER&_xf=pdf""> AER </a>",2021-12-06 00:00:00,Veterinarian,Belgium,FEMALE,Cat,British cat,Solensia 7 mg/ml - Solution for injection,"Elevated alanine aminotransferase (ALT), Elevated blood urea nitrogen (BUN), Elevated lipase, High pancreatic-specific lipase, Hyperglycaemia, Low sodium-potassium ratio (Na:K ratio)",1,1,
BEL-ZOETISPV-2021-BE-00235,"<a target=""_blank""  href=""/xmlpserver/EVVET3 PW NEW/Subject Area Contents/Public Website/Report (PDF)/AER.xdo?_xpf=&_xpt=1&_params%2FOracle%20BI%20EE%3A%3ADefaultApp%3A%3AEVVET3%20PR%20NEW%2FAER%3A%3Adimension%2FAER%20Id%3A%3Aattribute%3A%3Anoaggr%3A%3Axsd%3Adouble=1606527&_xt=AER&_xf=pdf""> AER </a>",2021-12-20 00:00:00,Veterinarian,Belgium,FEMALE,Cat,Cat (other),Solensia 7 mg/ml - Solution for injection,"Anorexia, Apathy, Death by euthanasia",1,1,1
BEL-ZOETISPV-2021-BE-00236,"<a target=""_blank""  href=""/xmlpserver/EVVET3 PW NEW/Subject Area Contents/Public Website/Report (PDF)/AER.xdo?_xpf=&_xpt=1&_params%2FOracle%20BI%20EE%3A%3ADefaultApp%3A%3AEVVET3%20PR%20NEW%2FAER%3A%3Adimension%2FAER%20Id%3A%3Aattribute%3A%3Anoaggr%3A%3Axsd%3Adouble=1607139&_xt=AER&_xf=pdf""> AER </a>",2021-12-21 00:00:00,Veterinarian,Belgium,MALE,Cat,British cat,Solensia 7 mg/ml - Solution for injection,"Cardiac arrest, Convulsion, Sudden death",1,1,1
DE-BVL-2021-31279,"<a target=""_blank""  href=""/xmlpserver/EVVET3 PW NEW/Subject Area Contents/Public Website/Report (PDF)/AER.xdo?_xpf=&_xpt=1&_params%2FOracle%20BI%20EE%3A%3ADefaultApp%3A%3AEVVET3%20PR%20NEW%2FAER%3A%3Adimension%2FAER%20Id%3A%3Aattribute%3A%3Anoaggr%3A%3Axsd%3Adouble=1587765&_xt=AER&_xf=pdf""> AER </a>",2021-10-29 00:00:00,Veterinarian,Germany,MALE,Cat,European,Solensia 7 mg/ml - Solution for injection,"Itching, Pruritus, Scratching",1,1,
DE-BVL-2021-32538,"<a target=""_blank""  href=""/xmlpserver/EVVET3 PW NEW/Subject Area Contents/Public Website/Report (PDF)/AER.xdo?_xpf=&_xpt=1&_params%2FOracle%20BI%20EE%3A%3ADefaultApp%3A%3AEVVET3%20PR%20NEW%2FAER%3A%3Adimension%2FAER%20Id%3A%3Aattribute%3A%3Anoaggr%3A%3Axsd%3Adouble=1587761&_xt=AER&_xf=pdf""> AER </a>",2021-10-29 00:00:00,Veterinarian,Germany,FEMALE,Cat,Unknown,Solensia 7 mg/ml - Solution for injection,"Apathy, Paddling, Seizure NOS, Twitching",1,1,
DEU-ZOETISPV-2021-DE-00641,"<a target=""_blank""  href=""/xmlpserver/EVVET3 PW NEW/Subject Area Contents/Public Website/Report (PDF)/AER.xdo?_xpf=&_xpt=1&_params%2FOracle%20BI%20EE%3A%3ADefaultApp%3A%3AEVVET3%20PR%20NEW%2FAER%3A%3Adimension%2FAER%20Id%3A%3Aattribute%3A%3Anoaggr%3A%3Axsd%3Adouble=1573985&_xt=AER&_xf=pdf""> AER </a>",2021-09-20 00:00:00,Veterinarian,Germany,MALE,Cat,European,Solensia 7 mg/ml - Solution for injection,"Diabetic ketoacidosis, Inappetence, Lateral recumbency, Uncontrolled diabetes, Weight loss",1,1,
DEU-ZOETISPV-2021-DE-01012,"<a target=""_blank""  href=""/xmlpserver/EVVET3 PW NEW/Subject Area Contents/Public Website/Report (PDF)/AER.xdo?_xpf=&_xpt=1&_params%2FOracle%20BI%20EE%3A%3ADefaultApp%3A%3AEVVET3%20PR%20NEW%2FAER%3A%3Adimension%2FAER%20Id%3A%3Aattribute%3A%3Anoaggr%3A%3Axsd%3Adouble=1583451&_xt=AER&_xf=pdf""> AER </a>",2021-10-18 00:00:00,Veterinarian,Germany,FEMALE,Cat,Cat (other),Solensia 7 mg/ml - Solution for injection,Hind limb paresis,1,1,
DEU-ZOETISPV-2021-DE-01021,"<a target=""_blank""  href=""/xmlpserver/EVVET3 PW NEW/Subject Area Contents/Public Website/Report (PDF)/AER.xdo?_xpf=&_xpt=1&_params%2FOracle%20BI%20EE%3A%3ADefaultApp%3A%3AEVVET3%20PR%20NEW%2FAER%3A%3Adimension%2FAER%20Id%3A%3Aattribute%3A%3Anoaggr%3A%3Axsd%3Adouble=1576794&_xt=AER&_xf=pdf""> AER </a>",2021-09-29 00:00:00,Animal owner,Germany,FEMALE,Cat,British cat,Solensia 7 mg/ml - Solution for injection,"Convulsion, Fever, Hind limb ataxia, Hind limb paresis, Inappetence, Neurological symptoms NOS, Unsteady gait",1,1,
DEU-ZOETISPV-2021-DE-01181,"<a target=""_blank""  href=""/xmlpserver/EVVET3 PW NEW/Subject Area Contents/Public Website/Report (PDF)/AER.xdo?_xpf=&_xpt=1&_params%2FOracle%20BI%20EE%3A%3ADefaultApp%3A%3AEVVET3%20PR%20NEW%2FAER%3A%3Adimension%2FAER%20Id%3A%3Aattribute%3A%3Anoaggr%3A%3Axsd%3Adouble=1586203&_xt=AER&_xf=pdf""> AER </a>",2021-10-26 00:00:00,Veterinarian,Germany,UNKNOWN,Cat,Cat (other),Solensia 7 mg/ml - Solution for injection,Hind limb paralysis,1,1,
DEU-ZOETISPV-2021-DE-01271,"<a target=""_blank""  href=""/xmlpserver/EVVET3 PW NEW/Subject Area Contents/Public Website/Report (PDF)/AER.xdo?_xpf=&_xpt=1&_params%2FOracle%20BI%20EE%3A%3ADefaultApp%3A%3AEVVET3%20PR%20NEW%2FAER%3A%3Adimension%2FAER%20Id%3A%3Aattribute%3A%3Anoaggr%3A%3Axsd%3Adouble=1588616&_xt=AER&_xf=pdf""> AER </a>",2021-11-02 00:00:00,Veterinarian,Germany,MIXED,Cat,Cat (other),Solensia 7 mg/ml - Solution for injection,"Death, Death by euthanasia, Hind limb paresis, Paralysis NOS",4,4,4
DEU-ZOETISPV-2021-DE-01298,"<a target=""_blank""  href=""/xmlpserver/EVVET3 PW NEW/Subject Area Contents/Public Website/Report (PDF)/AER.xdo?_xpf=&_xpt=1&_params%2FOracle%20BI%20EE%3A%3ADefaultApp%3A%3AEVVET3%20PR%20NEW%2FAER%3A%3Adimension%2FAER%20Id%3A%3Aattribute%3A%3Anoaggr%3A%3Axsd%3Adouble=1590791&_xt=AER&_xf=pdf""> AER </a>",2021-11-09 00:00:00,Veterinarian,Germany,FEMALE,Cat,Cat (other),Solensia 7 mg/ml - Solution for injection,"Anorexia, Immune mediated haemolytic anaemia, Off colour, Weakness",1,1,
DEU-ZOETISPV-2021-DE-01324,"<a target=""_blank""  href=""/xmlpserver/EVVET3 PW NEW/Subject Area Contents/Public Website/Report (PDF)/AER.xdo?_xpf=&_xpt=1&_params%2FOracle%20BI%20EE%3A%3ADefaultApp%3A%3AEVVET3%20PR%20NEW%2FAER%3A%3Adimension%2FAER%20Id%3A%3Aattribute%3A%3Anoaggr%3A%3Axsd%3Adouble=1604091&_xt=AER&_xf=pdf""> AER </a>",2021-12-16 00:00:00,Veterinarian,Germany,UNKNOWN,Cat,Cat (other),Solensia 7 mg/ml - Solution for injection,"Apathy, Circulatory collapse (see also Neurological and Systemic disorders), Injection site pain, Lying down",1,1,
DEU-ZOETISPV-2021-DE-01357,"<a target=""_blank""  href=""/xmlpserver/EVVET3 PW NEW/Subject Area Contents/Public Website/Report (PDF)/AER.xdo?_xpf=&_xpt=1&_params%2FOracle%20BI%20EE%3A%3ADefaultApp%3A%3AEVVET3%20PR%20NEW%2FAER%3A%3Adimension%2FAER%20Id%3A%3Aattribute%3A%3Anoaggr%3A%3Axsd%3Adouble=1590826&_xt=AER&_xf=pdf""> AER </a>",2021-11-09 00:00:00,Veterinarian,Germany,UNKNOWN,Cat,Cat (other),Solensia 7 mg/ml - Solution for injection,"Disorientation, Restlessness, Tremor",1,1,
DEU-ZOETISPV-2021-DE-01367,"<a target=""_blank""  href=""/xmlpserver/EVVET3 PW NEW/Subject Area Contents/Public Website/Report (PDF)/AER.xdo?_xpf=&_xpt=1&_params%2FOracle%20BI%20EE%3A%3ADefaultApp%3A%3AEVVET3%20PR%20NEW%2FAER%3A%3Adimension%2FAER%20Id%3A%3Aattribute%3A%3Anoaggr%3A%3Axsd%3Adouble=1593215&_xt=AER&_xf=pdf""> AER </a>",2021-11-17 00:00:00,Veterinarian,Germany,MALE,Cat,Maine Coon,Solensia 7 mg/ml - Solution for injection,"Enlarged thyroid gland, Respiratory distress",1,1,
DEU-ZOETISPV-2021-DE-01444,"<a target=""_blank""  href=""/xmlpserver/EVVET3 PW NEW/Subject Area Contents/Public Website/Report (PDF)/AER.xdo?_xpf=&_xpt=1&_params%2FOracle%20BI%20EE%3A%3ADefaultApp%3A%3AEVVET3%20PR%20NEW%2FAER%3A%3Adimension%2FAER%20Id%3A%3Aattribute%3A%3Anoaggr%3A%3Axsd%3Adouble=1597009&_xt=AER&_xf=pdf""> AER </a>",2021-11-29 00:00:00,Veterinarian,Germany,UNKNOWN,Cat,European,Solensia 7 mg/ml - Solution for injection,"Convulsion, Lung oedema, Unable to stand, Walking difficulty",1,1,
DEU-ZOETISPV-2021-DE-01454,"<a target=""_blank""  href=""/xmlpserver/EVVET3 PW NEW/Subject Area Contents/Public Website/Report (PDF)/AER.xdo?_xpf=&_xpt=1&_params%2FOracle%20BI%20EE%3A%3ADefaultApp%3A%3AEVVET3%20PR%20NEW%2FAER%3A%3Adimension%2FAER%20Id%3A%3Aattribute%3A%3Anoaggr%3A%3Axsd%3Adouble=1620144&_xt=AER&_xf=pdf""> AER </a>",2021-12-29 00:00:00,Veterinarian,Germany,UNKNOWN,Cat,Unknown,Solensia 7 mg/ml - Solution for injection,Vestibular disorder NOS,2,2,
DEU-ZOETISPV-2021-DE-01513,"<a target=""_blank""  href=""/xmlpserver/EVVET3 PW NEW/Subject Area Contents/Public Website/Report (PDF)/AER.xdo?_xpf=&_xpt=1&_params%2FOracle%20BI%20EE%3A%3ADefaultApp%3A%3AEVVET3%20PR%20NEW%2FAER%3A%3Adimension%2FAER%20Id%3A%3Aattribute%3A%3Anoaggr%3A%3Axsd%3Adouble=1620142&_xt=AER&_xf=pdf""> AER </a>",2021-12-29 00:00:00,Veterinarian,Germany,MALE,Cat,Unknown,Solensia 7 mg/ml - Solution for injection,"Death by euthanasia, Non-regenerative anaemia",1,1,1
ESP-ZOETISPV-2021-ES-00392,"<a target=""_blank""  href=""/xmlpserver/EVVET3 PW NEW/Subject Area Contents/Public Website/Report (PDF)/AER.xdo?_xpf=&_xpt=1&_params%2FOracle%20BI%20EE%3A%3ADefaultApp%3A%3AEVVET3%20PR%20NEW%2FAER%3A%3Adimension%2FAER%20Id%3A%3Aattribute%3A%3Anoaggr%3A%3Axsd%3Adouble=1555815&_xt=AER&_xf=pdf""> AER </a>",2021-07-29 00:00:00,Veterinarian,Spain,FEMALE,Cat,Cat (other),"Solensia 7 mg/ml - Solution for injection, Thyronorm 5 mg/ml Oral Solution for Cats",Found dead,1,1,1
ESP-ZOETISPV-2021-ES-00420,"<a target=""_blank""  href=""/xmlpserver/EVVET3 PW NEW/Subject Area Contents/Public Website/Report (PDF)/AER.xdo?_xpf=&_xpt=1&_params%2FOracle%20BI%20EE%3A%3ADefaultApp%3A%3AEVVET3%20PR%20NEW%2FAER%3A%3Adimension%2FAER%20Id%3A%3Aattribute%3A%3Anoaggr%3A%3Axsd%3Adouble=1556330&_xt=AER&_xf=pdf""> AER </a>",2021-07-30 00:00:00,Veterinarian,Spain,MALE,Cat,Crossbred Feline/cat,Solensia 7 mg/ml - Solution for injection,"Anorexia, Apathy, Death by euthanasia, Elevated alanine aminotransferase (ALT), Hind limb paralysis, Hyperproteinaemia, Hyperthermia, Necropsy performed, Not urinating, Proprioception deficit, Weakness, Weight loss",1,1,1
ESP-ZOETISPV-2021-ES-00436,"<a target=""_blank""  href=""/xmlpserver/EVVET3 PW NEW/Subject Area Contents/Public Website/Report (PDF)/AER.xdo?_xpf=&_xpt=1&_params%2FOracle%20BI%20EE%3A%3ADefaultApp%3A%3AEVVET3%20PR%20NEW%2FAER%3A%3Adimension%2FAER%20Id%3A%3Aattribute%3A%3Anoaggr%3A%3Axsd%3Adouble=1555396&_xt=AER&_xf=pdf""> AER </a>",2021-07-28 00:00:00,Veterinarian,Spain,FEMALE,Cat,Cat (other),Solensia 7 mg/ml - Solution for injection,"Appetite loss, Hiding, Oedema of the extremities (see also other SOCs for most applicable oedema), Skin sarcoma NOS, Weight loss",1,1,
ESP-ZOETISPV-2021-ES-00625,"<a target=""_blank""  href=""/xmlpserver/EVVET3 PW NEW/Subject Area Contents/Public Website/Report (PDF)/AER.xdo?_xpf=&_xpt=1&_params%2FOracle%20BI%20EE%3A%3ADefaultApp%3A%3AEVVET3%20PR%20NEW%2FAER%3A%3Adimension%2FAER%20Id%3A%3Aattribute%3A%3Anoaggr%3A%3Axsd%3Adouble=1578644&_xt=AER&_xf=pdf""> AER </a>",2021-10-05 00:00:00,Veterinarian,Spain,MALE,Cat,Crossbred Feline/cat,Solensia 7 mg/ml - Solution for injection,"Death, Elevated liver enzymes NOS, Elevated total bilirubin, Jaundice",1,1,1
ESP-ZOETISPV-2021-ES-00630,"<a target=""_blank""  href=""/xmlpserver/EVVET3 PW NEW/Subject Area Contents/Public Website/Report (PDF)/AER.xdo?_xpf=&_xpt=1&_params%2FOracle%20BI%20EE%3A%3ADefaultApp%3A%3AEVVET3%20PR%20NEW%2FAER%3A%3Adimension%2FAER%20Id%3A%3Aattribute%3A%3Anoaggr%3A%3Axsd%3Adouble=1577936&_xt=AER&_xf=pdf""> AER </a>",2021-10-01 00:00:00,Veterinarian,Spain,FEMALE,Cat,Crossbred Feline/cat,"Cerenia 10 mg/ml  - Solution for injection, Solensia 7 mg/ml - Solution for injection","Anaphylaxis, Circulatory collapse (see also Neurological and Systemic disorders), Emesis (multiple), Hypothermia, Loss of consciousness, Low blood pressure, Pale mucous membrane, Tachypnoea",1,1,
ESP-ZOETISPV-2021-ES-00705,"<a target=""_blank""  href=""/xmlpserver/EVVET3 PW NEW/Subject Area Contents/Public Website/Report (PDF)/AER.xdo?_xpf=&_xpt=1&_params%2FOracle%20BI%20EE%3A%3ADefaultApp%3A%3AEVVET3%20PR%20NEW%2FAER%3A%3Adimension%2FAER%20Id%3A%3Aattribute%3A%3Anoaggr%3A%3Axsd%3Adouble=1587781&_xt=AER&_xf=pdf""> AER </a>",2021-10-29 00:00:00,Veterinarian,Spain,FEMALE,Cat,Persian,Solensia 7 mg/ml - Solution for injection,"Death by euthanasia, Falling, Staggering",1,1,1
ESP-ZOETISPV-2021-ES-00744,"<a target=""_blank""  href=""/xmlpserver/EVVET3 PW NEW/Subject Area Contents/Public Website/Report (PDF)/AER.xdo?_xpf=&_xpt=1&_params%2FOracle%20BI%20EE%3A%3ADefaultApp%3A%3AEVVET3%20PR%20NEW%2FAER%3A%3Adimension%2FAER%20Id%3A%3Aattribute%3A%3Anoaggr%3A%3Axsd%3Adouble=1594083&_xt=AER&_xf=pdf""> AER </a>",2021-11-19 00:00:00,Veterinarian,Spain,FEMALE,Cat,Crossbred Feline/cat,"Semintra 4 mg/ml  - Oral solution, Solensia 7 mg/ml - Solution for injection, Thyronorm 5 mg/ml Oral Solution for Cats","Agitation, Appetite loss, Blood in urine, Breathing difficulty, Death by euthanasia, Not drinking, Panting, Restlessness, Vomiting",1,1,1
FR-ANMV-21 ANMV 00811,"<a target=""_blank""  href=""/xmlpserver/EVVET3 PW NEW/Subject Area Contents/Public Website/Report (PDF)/AER.xdo?_xpf=&_xpt=1&_params%2FOracle%20BI%20EE%3A%3ADefaultApp%3A%3AEVVET3%20PR%20NEW%2FAER%3A%3Adimension%2FAER%20Id%3A%3Aattribute%3A%3Anoaggr%3A%3Axsd%3Adouble=1525403&_xt=AER&_xf=pdf""> AER </a>",2021-05-10 00:00:00,Veterinarian,France,MALE,Cat,European,Solensia 7 mg/ml - Solution for injection,"Ataxia, Stupor",1,1,
FR-ANMV-21 ANMV 01308,"<a target=""_blank""  href=""/xmlpserver/EVVET3 PW NEW/Subject Area Contents/Public Website/Report (PDF)/AER.xdo?_xpf=&_xpt=1&_params%2FOracle%20BI%20EE%3A%3ADefaultApp%3A%3AEVVET3%20PR%20NEW%2FAER%3A%3Adimension%2FAER%20Id%3A%3Aattribute%3A%3Anoaggr%3A%3Axsd%3Adouble=1551732&_xt=AER&_xf=pdf""> AER </a>",2021-07-16 00:00:00,Veterinarian,France,MALE,Cat,European,Solensia 7 mg/ml - Solution for injection,"Cystitis, Pollakiuria",1,1,
FRA-FRAANMVF-202151475,"<a target=""_blank""  href=""/xmlpserver/EVVET3 PW NEW/Subject Area Contents/Public Website/Report (PDF)/AER.xdo?_xpf=&_xpt=1&_params%2FOracle%20BI%20EE%3A%3ADefaultApp%3A%3AEVVET3%20PR%20NEW%2FAER%3A%3Adimension%2FAER%20Id%3A%3Aattribute%3A%3Anoaggr%3A%3Axsd%3Adouble=1591126&_xt=AER&_xf=pdf""> AER </a>",2021-11-10 00:00:00,Veterinarian,France,FEMALE,Cat,European,Solensia 7 mg/ml - Solution for injection,"Crust, Pruritus",1,1,
FRA-FRAANMVF-202151516,"<a target=""_blank""  href=""/xmlpserver/EVVET3 PW NEW/Subject Area Contents/Public Website/Report (PDF)/AER.xdo?_xpf=&_xpt=1&_params%2FOracle%20BI%20EE%3A%3ADefaultApp%3A%3AEVVET3%20PR%20NEW%2FAER%3A%3Adimension%2FAER%20Id%3A%3Aattribute%3A%3Anoaggr%3A%3Axsd%3Adouble=1587828&_xt=AER&_xf=pdf""> AER </a>",2021-10-29 00:00:00,Veterinarian,France,MALE,Cat,European,"Meloxoral 0.5 mg/ml  - Oral suspension, Solensia 7 mg/ml - Solution for injection, Thyronorm 5 mg/ml Oral Solution for Cats","Cold feeling of extremity, Death by euthanasia, Hiding, Lateral recumbency, Opisthotonus, Pain NOS, Proprioception deficit, Walking difficulty",1,1,1
FRA-FRAANMVF-202151581,"<a target=""_blank""  href=""/xmlpserver/EVVET3 PW NEW/Subject Area Contents/Public Website/Report (PDF)/AER.xdo?_xpf=&_xpt=1&_params%2FOracle%20BI%20EE%3A%3ADefaultApp%3A%3AEVVET3%20PR%20NEW%2FAER%3A%3Adimension%2FAER%20Id%3A%3Aattribute%3A%3Anoaggr%3A%3Axsd%3Adouble=1591253&_xt=AER&_xf=pdf""> AER </a>",2021-11-10 00:00:00,Veterinarian,France,FEMALE,Cat,Crossbred Feline/cat,Solensia 7 mg/ml - Solution for injection,"Crust, Erythema (for urticaria see Immune SOC), Facial rash (For urticaria see Immune SOC), Pruritus",1,1,
FRA-FRAANMVF-202152156,"<a target=""_blank""  href=""/xmlpserver/EVVET3 PW NEW/Subject Area Contents/Public Website/Report (PDF)/AER.xdo?_xpf=&_xpt=1&_params%2FOracle%20BI%20EE%3A%3ADefaultApp%3A%3AEVVET3%20PR%20NEW%2FAER%3A%3Adimension%2FAER%20Id%3A%3Aattribute%3A%3Anoaggr%3A%3Axsd%3Adouble=1609828&_xt=AER&_xf=pdf""> AER </a>",2021-12-22 00:00:00,Veterinarian,France,FEMALE,Cat,European,"Semintra 4 mg/ml  - Oral solution, Solensia 7 mg/ml - Solution for injection","Alopecia local, Crust, Erythema (for urticaria see Immune SOC), Pruritus",1,1,
FRA-ZOETISPV-2021-FR-00415,"<a target=""_blank""  href=""/xmlpserver/EVVET3 PW NEW/Subject Area Contents/Public Website/Report (PDF)/AER.xdo?_xpf=&_xpt=1&_params%2FOracle%20BI%20EE%3A%3ADefaultApp%3A%3AEVVET3%20PR%20NEW%2FAER%3A%3Adimension%2FAER%20Id%3A%3Aattribute%3A%3Anoaggr%3A%3Axsd%3Adouble=1544008&_xt=AER&_xf=pdf""> AER </a>",2021-06-25 00:00:00,Animal owner,France,MALE,Cat,European,Solensia 7 mg/ml - Solution for injection,"Abdominal pain, Lethargy (see also Central nervous system depression in Neurological), Neoplasia NOS, Pancreas disorder, Pyoderma, Vomiting",1,1,
FRA-ZOETISPV-2021-FR-00423,"<a target=""_blank""  href=""/xmlpserver/EVVET3 PW NEW/Subject Area Contents/Public Website/Report (PDF)/AER.xdo?_xpf=&_xpt=1&_params%2FOracle%20BI%20EE%3A%3ADefaultApp%3A%3AEVVET3%20PR%20NEW%2FAER%3A%3Adimension%2FAER%20Id%3A%3Aattribute%3A%3Anoaggr%3A%3Axsd%3Adouble=1538612&_xt=AER&_xf=pdf""> AER </a>",2021-06-11 00:00:00,Veterinarian,France,FEMALE,Cat,Cat (other),"DERMIPRED 10 MG TABLETS FOR DOGS, DERMIPRED 20 MG TABLETS FOR DOGS, DERMIPRED 5 COMPRIMES SECABLES POUR CHIENS ET CHATS, DERMIPRED 5 MG TABLETS FOR DOGS, Dermipred 5 mg comprimidos para cães, Solensia 7 mg/ml - Solution for injection",Hind limb paralysis,1,1,
FRA-ZOETISPV-2021-FR-00712,"<a target=""_blank""  href=""/xmlpserver/EVVET3 PW NEW/Subject Area Contents/Public Website/Report (PDF)/AER.xdo?_xpf=&_xpt=1&_params%2FOracle%20BI%20EE%3A%3ADefaultApp%3A%3AEVVET3%20PR%20NEW%2FAER%3A%3Adimension%2FAER%20Id%3A%3Aattribute%3A%3Anoaggr%3A%3Axsd%3Adouble=1582538&_xt=AER&_xf=pdf""> AER </a>",2021-10-14 00:00:00,Veterinarian,France,FEMALE,Cat,Scottish Fold Longhair,Solensia 7 mg/ml - Solution for injection,Sudden death,1,1,1
FRA-ZOETISPV-2021-FR-00736,"<a target=""_blank""  href=""/xmlpserver/EVVET3 PW NEW/Subject Area Contents/Public Website/Report (PDF)/AER.xdo?_xpf=&_xpt=1&_params%2FOracle%20BI%20EE%3A%3ADefaultApp%3A%3AEVVET3%20PR%20NEW%2FAER%3A%3Adimension%2FAER%20Id%3A%3Aattribute%3A%3Anoaggr%3A%3Axsd%3Adouble=1592011&_xt=AER&_xf=pdf""> AER </a>",2021-11-12 00:00:00,Veterinarian,France,FEMALE,Cat,European,Solensia 7 mg/ml - Solution for injection,"Granuloma, Peeling skin, Pemphigus foliaceus, Skin scab",1,1,
FRA-ZOETISPV-2021-FR-00768,"<a target=""_blank""  href=""/xmlpserver/EVVET3 PW NEW/Subject Area Contents/Public Website/Report (PDF)/AER.xdo?_xpf=&_xpt=1&_params%2FOracle%20BI%20EE%3A%3ADefaultApp%3A%3AEVVET3%20PR%20NEW%2FAER%3A%3Adimension%2FAER%20Id%3A%3Aattribute%3A%3Anoaggr%3A%3Axsd%3Adouble=1587766&_xt=AER&_xf=pdf""> AER </a>",2021-10-29 00:00:00,Animal owner,France,MALE,Cat,European,"DEXAZONE, Solensia 7 mg/ml - Solution for injection","Death, Respiratory failure",1,1,1
FRA-ZOETISPV-2021-FR-00851,"<a target=""_blank""  href=""/xmlpserver/EVVET3 PW NEW/Subject Area Contents/Public Website/Report (PDF)/AER.xdo?_xpf=&_xpt=1&_params%2FOracle%20BI%20EE%3A%3ADefaultApp%3A%3AEVVET3%20PR%20NEW%2FAER%3A%3Adimension%2FAER%20Id%3A%3Aattribute%3A%3Anoaggr%3A%3Axsd%3Adouble=1597810&_xt=AER&_xf=pdf""> AER </a>",2021-12-01 00:00:00,Veterinarian,France,MALE,Cat,European,"Metacam 0.5 mg/ml - Oral suspension (cats, guinea pigs), Metacam 0.5 mg/ml - Oral suspension (dogs), Solensia 7 mg/ml - Solution for injection","Apathy, Diabetes, Hyperglycaemia",1,1,
GBR-ZOETISPV-2021-UK-01158,"<a target=""_blank""  href=""/xmlpserver/EVVET3 PW NEW/Subject Area Contents/Public Website/Report (PDF)/AER.xdo?_xpf=&_xpt=1&_params%2FOracle%20BI%20EE%3A%3ADefaultApp%3A%3AEVVET3%20PR%20NEW%2FAER%3A%3Adimension%2FAER%20Id%3A%3Aattribute%3A%3Anoaggr%3A%3Axsd%3Adouble=1540795&_xt=AER&_xf=pdf""> AER </a>",2021-06-17 00:00:00,Veterinarian,United Kingdom,MALE,Cat,Cat (other),Solensia 7 mg/ml - Solution for injection,"Coma, Dehydration, Diarrhoea, Leucocytosis NOS, Non-regenerative anaemia",1,1,
GBR-ZOETISPV-2021-UK-01260,"<a target=""_blank""  href=""/xmlpserver/EVVET3 PW NEW/Subject Area Contents/Public Website/Report (PDF)/AER.xdo?_xpf=&_xpt=1&_params%2FOracle%20BI%20EE%3A%3ADefaultApp%3A%3AEVVET3%20PR%20NEW%2FAER%3A%3Adimension%2FAER%20Id%3A%3Aattribute%3A%3Anoaggr%3A%3Axsd%3Adouble=1582716&_xt=AER&_xf=pdf""> AER </a>",2021-10-14 00:00:00,Veterinarian,United Kingdom,FEMALE,Cat,Crossbred Feline/cat,Solensia 7 mg/ml - Solution for injection,"Abnormal breathing, Death by euthanasia, Enlarged lymph nodes (generalised), Gagging, Lymphoma",1,1,1
GBR-ZOETISPV-2021-UK-01498,"<a target=""_blank""  href=""/xmlpserver/EVVET3 PW NEW/Subject Area Contents/Public Website/Report (PDF)/AER.xdo?_xpf=&_xpt=1&_params%2FOracle%20BI%20EE%3A%3ADefaultApp%3A%3AEVVET3%20PR%20NEW%2FAER%3A%3Adimension%2FAER%20Id%3A%3Aattribute%3A%3Anoaggr%3A%3Axsd%3Adouble=1560463&_xt=AER&_xf=pdf""> AER </a>",2021-08-12 00:00:00,Veterinarian,United Kingdom,MALE,Cat,Cat (other),Solensia 7 mg/ml - Solution for injection,"Death by euthanasia, Heart failure, Urinary tract disorder NOS",1,1,1
GBR-ZOETISPV-2021-UK-01657,"<a target=""_blank""  href=""/xmlpserver/EVVET3 PW NEW/Subject Area Contents/Public Website/Report (PDF)/AER.xdo?_xpf=&_xpt=1&_params%2FOracle%20BI%20EE%3A%3ADefaultApp%3A%3AEVVET3%20PR%20NEW%2FAER%3A%3Adimension%2FAER%20Id%3A%3Aattribute%3A%3Anoaggr%3A%3Axsd%3Adouble=1565145&_xt=AER&_xf=pdf""> AER </a>",2021-08-26 00:00:00,Veterinarian,United Kingdom,MALE,Cat,Birman (Sacred Birman),Solensia 7 mg/ml - Solution for injection,"Death by euthanasia, Renal degeneration",1,1,1
GBR-ZOETISPV-2021-UK-01737,"<a target=""_blank""  href=""/xmlpserver/EVVET3 PW NEW/Subject Area Contents/Public Website/Report (PDF)/AER.xdo?_xpf=&_xpt=1&_params%2FOracle%20BI%20EE%3A%3ADefaultApp%3A%3AEVVET3%20PR%20NEW%2FAER%3A%3Adimension%2FAER%20Id%3A%3Aattribute%3A%3Anoaggr%3A%3Axsd%3Adouble=1582720&_xt=AER&_xf=pdf""> AER </a>",2021-10-14 00:00:00,Veterinarian,United Kingdom,FEMALE,Cat,Crossbred Feline/cat,Solensia 7 mg/ml - Solution for injection,Complication of diabetes,1,1,
GBR-ZOETISPV-2021-UK-01911,"<a target=""_blank""  href=""/xmlpserver/EVVET3 PW NEW/Subject Area Contents/Public Website/Report (PDF)/AER.xdo?_xpf=&_xpt=1&_params%2FOracle%20BI%20EE%3A%3ADefaultApp%3A%3AEVVET3%20PR%20NEW%2FAER%3A%3Adimension%2FAER%20Id%3A%3Aattribute%3A%3Anoaggr%3A%3Axsd%3Adouble=1571005&_xt=AER&_xf=pdf""> AER </a>",2021-09-09 00:00:00,Veterinarian,United Kingdom,MALE,Cat,Cat (other),Solensia 7 mg/ml - Solution for injection,"Abnormal menace reflex test, Abnormal pupil light reflex, Anisocoria, Decreased appetite, Dilated pupils, Disoriented state, Lethargy (see also Central nervous system depression in Neurological), Ocular discharge, Seizure NOS",1,1,
GBR-ZOETISPV-2021-UK-01936,"<a target=""_blank""  href=""/xmlpserver/EVVET3 PW NEW/Subject Area Contents/Public Website/Report (PDF)/AER.xdo?_xpf=&_xpt=1&_params%2FOracle%20BI%20EE%3A%3ADefaultApp%3A%3AEVVET3%20PR%20NEW%2FAER%3A%3Adimension%2FAER%20Id%3A%3Aattribute%3A%3Anoaggr%3A%3Axsd%3Adouble=1572086&_xt=AER&_xf=pdf""> AER </a>",2021-09-13 00:00:00,Other health care professional,United Kingdom,MALE,Cat,Cat (other),Solensia 7 mg/ml - Solution for injection,"Ataxia, Behavioural disorder NOS, Head down, Mental function decreased, Mydriasis, Polydipsia, Vocalisation, Weight loss",1,1,
GBR-ZOETISPV-2021-UK-02276,"<a target=""_blank""  href=""/xmlpserver/EVVET3 PW NEW/Subject Area Contents/Public Website/Report (PDF)/AER.xdo?_xpf=&_xpt=1&_params%2FOracle%20BI%20EE%3A%3ADefaultApp%3A%3AEVVET3%20PR%20NEW%2FAER%3A%3Adimension%2FAER%20Id%3A%3Aattribute%3A%3Anoaggr%3A%3Axsd%3Adouble=1589528&_xt=AER&_xf=pdf""> AER </a>",2021-11-04 00:00:00,Veterinarian,United Kingdom,FEMALE,Cat,Cat (other),Solensia 7 mg/ml - Solution for injection,"Alopecia, Deafness, Dermatitis",1,1,
GBR-ZOETISPV-2021-UK-02280,"<a target=""_blank""  href=""/xmlpserver/EVVET3 PW NEW/Subject Area Contents/Public Website/Report (PDF)/AER.xdo?_xpf=&_xpt=1&_params%2FOracle%20BI%20EE%3A%3ADefaultApp%3A%3AEVVET3%20PR%20NEW%2FAER%3A%3Adimension%2FAER%20Id%3A%3Aattribute%3A%3Anoaggr%3A%3Axsd%3Adouble=1592877&_xt=AER&_xf=pdf""> AER </a>",2021-11-15 00:00:00,Veterinarian,United Kingdom,MALE,Cat,Crossbred Feline/cat,"NOBIVAC TRICAT TRIO ΚΟΝΙΣ ΚΑΙ ΔΙΑΛΥΤΗΣ ΓΙΑ ΕΝΕΣΙΜΟ ΕΝΑΙΩΡΗΜΑ, Nobivac LeuFel (--) - Suspension for injection, Nobivac Tricat Trio liofilizat in vehikel za suspenzijo za injiciranje za mačke, Nobivac Tricat Trio liofilizāts un šķīdinātājs suspensijas injekcijām pagatavošanai kaķiem, Nobivac Tricat Trio, Lyophilisate and Solvent for Suspension for Injection for Cats, Nobivac Tricat Trio, liofilizat i otapalo za suspenziju za injekciju, za mačke, Solensia 7 mg/ml - Solution for injection","Injection site reaction NOS, Skin fibrosarcoma",1,1,
GBR-ZOETISPV-2021-UK-02342,"<a target=""_blank""  href=""/xmlpserver/EVVET3 PW NEW/Subject Area Contents/Public Website/Report (PDF)/AER.xdo?_xpf=&_xpt=1&_params%2FOracle%20BI%20EE%3A%3ADefaultApp%3A%3AEVVET3%20PR%20NEW%2FAER%3A%3Adimension%2FAER%20Id%3A%3Aattribute%3A%3Anoaggr%3A%3Axsd%3Adouble=1589547&_xt=AER&_xf=pdf""> AER </a>",2021-11-04 00:00:00,Veterinarian,United Kingdom,MALE,Cat,Crossbred Feline/cat,Solensia 7 mg/ml - Solution for injection,"Atrial fibrillation, Cardiac enlargement, Cardiomyopathy, Death by euthanasia, Inappetence, Pyrexia, Renal failure",1,1,1
GBR-ZOETISPV-2021-UK-02385,"<a target=""_blank""  href=""/xmlpserver/EVVET3 PW NEW/Subject Area Contents/Public Website/Report (PDF)/AER.xdo?_xpf=&_xpt=1&_params%2FOracle%20BI%20EE%3A%3ADefaultApp%3A%3AEVVET3%20PR%20NEW%2FAER%3A%3Adimension%2FAER%20Id%3A%3Aattribute%3A%3Anoaggr%3A%3Axsd%3Adouble=1589564&_xt=AER&_xf=pdf""> AER </a>",2021-11-04 00:00:00,Veterinarian,United Kingdom,FEMALE,Cat,Crossbred Feline/cat,"Laurabolin 25 mg/ml Oplossing voor injectie, Laurabolin 25 mg/ml solution for injection, Laurabolin 25 mg/ml, solução injetável para cães e gatos., Solensia 7 mg/ml - Solution for injection","Death by euthanasia, Partial lack of efficacy",1,1,1
GBR-ZOETISPV-2021-UK-02401,"<a target=""_blank""  href=""/xmlpserver/EVVET3 PW NEW/Subject Area Contents/Public Website/Report (PDF)/AER.xdo?_xpf=&_xpt=1&_params%2FOracle%20BI%20EE%3A%3ADefaultApp%3A%3AEVVET3%20PR%20NEW%2FAER%3A%3Adimension%2FAER%20Id%3A%3Aattribute%3A%3Anoaggr%3A%3Axsd%3Adouble=1589583&_xt=AER&_xf=pdf""> AER </a>",2021-11-04 00:00:00,Veterinarian,United Kingdom,MALE,Cat,Crossbred Feline/cat,Solensia 7 mg/ml - Solution for injection,"Elevated liver enzymes NOS, Generalised itching, Petechiae NOS, Skin lesion NOS, Skin petechiae, Thrombocytopenia",1,1,
GBR-ZOETISPV-2021-UK-02494,"<a target=""_blank""  href=""/xmlpserver/EVVET3 PW NEW/Subject Area Contents/Public Website/Report (PDF)/AER.xdo?_xpf=&_xpt=1&_params%2FOracle%20BI%20EE%3A%3ADefaultApp%3A%3AEVVET3%20PR%20NEW%2FAER%3A%3Adimension%2FAER%20Id%3A%3Aattribute%3A%3Anoaggr%3A%3Axsd%3Adouble=1593758&_xt=AER&_xf=pdf""> AER </a>",2021-11-18 00:00:00,Veterinarian,United Kingdom,FEMALE,Cat,Cat (other),Solensia 7 mg/ml - Solution for injection,"Death by euthanasia, Lymphoma, Weight loss",1,1,1
GBR-ZOETISPV-2021-UK-02515,"<a target=""_blank""  href=""/xmlpserver/EVVET3 PW NEW/Subject Area Contents/Public Website/Report (PDF)/AER.xdo?_xpf=&_xpt=1&_params%2FOracle%20BI%20EE%3A%3ADefaultApp%3A%3AEVVET3%20PR%20NEW%2FAER%3A%3Adimension%2FAER%20Id%3A%3Aattribute%3A%3Anoaggr%3A%3Axsd%3Adouble=1593760&_xt=AER&_xf=pdf""> AER </a>",2021-11-18 00:00:00,Veterinarian,United Kingdom,FEMALE,Cat,Cat (other),Solensia 7 mg/ml - Solution for injection,"Death by euthanasia, Oral mass",1,1,1
GBR-ZOETISPV-2021-UK-02516,"<a target=""_blank""  href=""/xmlpserver/EVVET3 PW NEW/Subject Area Contents/Public Website/Report (PDF)/AER.xdo?_xpf=&_xpt=1&_params%2FOracle%20BI%20EE%3A%3ADefaultApp%3A%3AEVVET3%20PR%20NEW%2FAER%3A%3Adimension%2FAER%20Id%3A%3Aattribute%3A%3Anoaggr%3A%3Axsd%3Adouble=1593759&_xt=AER&_xf=pdf""> AER </a>",2021-11-18 00:00:00,Veterinarian,United Kingdom,UNKNOWN,Cat,Cat (other),Solensia 7 mg/ml - Solution for injection,"Cardiomyopathy, Death by euthanasia, Hepatomegaly",1,1,1
GBR-ZOETISPV-2021-UK-02573,"<a target=""_blank""  href=""/xmlpserver/EVVET3 PW NEW/Subject Area Contents/Public Website/Report (PDF)/AER.xdo?_xpf=&_xpt=1&_params%2FOracle%20BI%20EE%3A%3ADefaultApp%3A%3AEVVET3%20PR%20NEW%2FAER%3A%3Adimension%2FAER%20Id%3A%3Aattribute%3A%3Anoaggr%3A%3Axsd%3Adouble=1595162&_xt=AER&_xf=pdf""> AER </a>",2021-11-22 00:00:00,Veterinarian,United Kingdom,FEMALE,Unknown,Unknown,Solensia 7 mg/ml - Solution for injection,"Dullness, Lethargy (see also Central nervous system depression in Neurological)",1,1,
GBR-ZOETISPV-2021-UK-02678,"<a target=""_blank""  href=""/xmlpserver/EVVET3 PW NEW/Subject Area Contents/Public Website/Report (PDF)/AER.xdo?_xpf=&_xpt=1&_params%2FOracle%20BI%20EE%3A%3ADefaultApp%3A%3AEVVET3%20PR%20NEW%2FAER%3A%3Adimension%2FAER%20Id%3A%3Aattribute%3A%3Anoaggr%3A%3Axsd%3Adouble=1598457&_xt=AER&_xf=pdf""> AER </a>",2021-12-02 00:00:00,Other health care professional,United Kingdom,MALE,Unknown,Crossbred Feline/cat,"Prednisolone 1% 10 mg/ml Oplossing voor injectie, Prednisolone 2,5% suspensie voor injectie voor honden, Prednisolone 2.5 % Oplossing voor injectie, Solensia 7 mg/ml - Solution for injection","Death by euthanasia, Partial lack of efficacy",1,1,1
GBR-ZOETISPV-2021-UK-02688,"<a target=""_blank""  href=""/xmlpserver/EVVET3 PW NEW/Subject Area Contents/Public Website/Report (PDF)/AER.xdo?_xpf=&_xpt=1&_params%2FOracle%20BI%20EE%3A%3ADefaultApp%3A%3AEVVET3%20PR%20NEW%2FAER%3A%3Adimension%2FAER%20Id%3A%3Aattribute%3A%3Anoaggr%3A%3Axsd%3Adouble=1601198&_xt=AER&_xf=pdf""> AER </a>",2021-12-09 00:00:00,Veterinarian,United Kingdom,FEMALE,Unknown,Cat (other),Solensia 7 mg/ml - Solution for injection,"Abdominal mass, Alopecia",1,1,
GBR-ZOETISPV-2021-UK-02716,"<a target=""_blank""  href=""/xmlpserver/EVVET3 PW NEW/Subject Area Contents/Public Website/Report (PDF)/AER.xdo?_xpf=&_xpt=1&_params%2FOracle%20BI%20EE%3A%3ADefaultApp%3A%3AEVVET3%20PR%20NEW%2FAER%3A%3Adimension%2FAER%20Id%3A%3Aattribute%3A%3Anoaggr%3A%3Axsd%3Adouble=1601218&_xt=AER&_xf=pdf""> AER </a>",2021-12-09 00:00:00,Veterinarian,United Kingdom,FEMALE,Unknown,Crossbred Feline/cat,Solensia 7 mg/ml - Solution for injection,Vacant,1,1,
GBR-ZOETISPV-2021-UK-02725,"<a target=""_blank""  href=""/xmlpserver/EVVET3 PW NEW/Subject Area Contents/Public Website/Report (PDF)/AER.xdo?_xpf=&_xpt=1&_params%2FOracle%20BI%20EE%3A%3ADefaultApp%3A%3AEVVET3%20PR%20NEW%2FAER%3A%3Adimension%2FAER%20Id%3A%3Aattribute%3A%3Anoaggr%3A%3Axsd%3Adouble=1599710&_xt=AER&_xf=pdf""> AER </a>",2021-12-06 00:00:00,Veterinarian,United Kingdom,MALE,Unknown,Crossbred Feline/cat,Solensia 7 mg/ml - Solution for injection,Uncontrolled diabetes,1,1,
GBR-ZOETISPV-2021-XI-00009,"<a target=""_blank""  href=""/xmlpserver/EVVET3 PW NEW/Subject Area Contents/Public Website/Report (PDF)/AER.xdo?_xpf=&_xpt=1&_params%2FOracle%20BI%20EE%3A%3ADefaultApp%3A%3AEVVET3%20PR%20NEW%2FAER%3A%3Adimension%2FAER%20Id%3A%3Aattribute%3A%3Anoaggr%3A%3Axsd%3Adouble=1541241&_xt=AER&_xf=pdf""> AER </a>",2021-06-18 00:00:00,Veterinarian,United Kingdom (Northern Ireland),FEMALE,Cat,Crossbred Feline/cat,Solensia 7 mg/ml - Solution for injection,"Confused, Death by euthanasia, Mental impairment NOS, Staggering",1,1,1
GBR-ZOETISPV-2021-XI-00014,"<a target=""_blank""  href=""/xmlpserver/EVVET3 PW NEW/Subject Area Contents/Public Website/Report (PDF)/AER.xdo?_xpf=&_xpt=1&_params%2FOracle%20BI%20EE%3A%3ADefaultApp%3A%3AEVVET3%20PR%20NEW%2FAER%3A%3Adimension%2FAER%20Id%3A%3Aattribute%3A%3Anoaggr%3A%3Axsd%3Adouble=1585568&_xt=AER&_xf=pdf""> AER </a>",2021-10-22 00:00:00,Veterinarian,United Kingdom,MALE,Cat,Crossbred Feline/cat,Solensia 7 mg/ml - Solution for injection,Found dead,1,1,1
NLD-NLDCBGBD-202110049,"<a target=""_blank""  href=""/xmlpserver/EVVET3 PW NEW/Subject Area Contents/Public Website/Report (PDF)/AER.xdo?_xpf=&_xpt=1&_params%2FOracle%20BI%20EE%3A%3ADefaultApp%3A%3AEVVET3%20PR%20NEW%2FAER%3A%3Adimension%2FAER%20Id%3A%3Aattribute%3A%3Anoaggr%3A%3Axsd%3Adouble=1595066&_xt=AER&_xf=pdf""> AER </a>",2021-11-23 00:00:00,Veterinarian,Netherlands,MALE,Cat,European,Solensia 7 mg/ml - Solution for injection,"Alopecia local, Erythema (for urticaria see Immune SOC), Partial anorexia, Pruritus, Renal disorder NOS, Vocalisation, Vomiting",1,1,
NLD-ZOETISPV-2021-NL-00235,"<a target=""_blank""  href=""/xmlpserver/EVVET3 PW NEW/Subject Area Contents/Public Website/Report (PDF)/AER.xdo?_xpf=&_xpt=1&_params%2FOracle%20BI%20EE%3A%3ADefaultApp%3A%3AEVVET3%20PR%20NEW%2FAER%3A%3Adimension%2FAER%20Id%3A%3Aattribute%3A%3Anoaggr%3A%3Axsd%3Adouble=1568919&_xt=AER&_xf=pdf""> AER </a>",2021-09-06 00:00:00,Other health care professional,Netherlands,MALE,Cat,European,Solensia 7 mg/ml - Solution for injection,"Death by euthanasia, Decreased appetite, Elevated blood urea nitrogen (BUN), Elevated creatinine, Limb weakness, Other abnormal test result NOS, Plantigrade posture, Vomiting, Weight loss",1,1,1
NLD-ZOETISPV-2021-NL-00295,"<a target=""_blank""  href=""/xmlpserver/EVVET3 PW NEW/Subject Area Contents/Public Website/Report (PDF)/AER.xdo?_xpf=&_xpt=1&_params%2FOracle%20BI%20EE%3A%3ADefaultApp%3A%3AEVVET3%20PR%20NEW%2FAER%3A%3Adimension%2FAER%20Id%3A%3Aattribute%3A%3Anoaggr%3A%3Axsd%3Adouble=1580303&_xt=AER&_xf=pdf""> AER </a>",2021-10-11 00:00:00,Veterinarian,Netherlands,UNKNOWN,Cat,Cat (other),Solensia 7 mg/ml - Solution for injection,"Death by euthanasia, Epileptic seizure",1,1,1
POL-ZOETISPV-2021-PL-00108,"<a target=""_blank""  href=""/xmlpserver/EVVET3 PW NEW/Subject Area Contents/Public Website/Report (PDF)/AER.xdo?_xpf=&_xpt=1&_params%2FOracle%20BI%20EE%3A%3ADefaultApp%3A%3AEVVET3%20PR%20NEW%2FAER%3A%3Adimension%2FAER%20Id%3A%3Aattribute%3A%3Anoaggr%3A%3Axsd%3Adouble=1573126&_xt=AER&_xf=pdf""> AER </a>",2021-09-16 00:00:00,Veterinarian,Poland,UNKNOWN,Cat,Cat (other),Solensia 7 mg/ml - Solution for injection,Found dead,1,1,1
UK-VMD-04803/21,"<a target=""_blank""  href=""/xmlpserver/EVVET3 PW NEW/Subject Area Contents/Public Website/Report (PDF)/AER.xdo?_xpf=&_xpt=1&_params%2FOracle%20BI%20EE%3A%3ADefaultApp%3A%3AEVVET3%20PR%20NEW%2FAER%3A%3Adimension%2FAER%20Id%3A%3Aattribute%3A%3Anoaggr%3A%3Axsd%3Adouble=1558444&_xt=AER&_xf=pdf""> AER </a>",2021-08-05 00:00:00,Veterinarian,United Kingdom,UNKNOWN,Cat,Cat (other),Solensia 7 mg/ml - Solution for injection,Anaphylaxis,1,1,
UK-VMD-07016/21,"<a target=""_blank""  href=""/xmlpserver/EVVET3 PW NEW/Subject Area Contents/Public Website/Report (PDF)/AER.xdo?_xpf=&_xpt=1&_params%2FOracle%20BI%20EE%3A%3ADefaultApp%3A%3AEVVET3%20PR%20NEW%2FAER%3A%3Adimension%2FAER%20Id%3A%3Aattribute%3A%3Anoaggr%3A%3Axsd%3Adouble=1587476&_xt=AER&_xf=pdf""> AER </a>",2021-10-28 00:00:00,Veterinarian,United Kingdom,MALE,Cat,European,Solensia 7 mg/ml - Solution for injection,"Apnoea, Death, Dilated pupils, Fixed pupil, Hind limb paralysis, Loss of bowel control, Paralysis, Seizure NOS, Urinary incontinence",1,1,1
UK-VMD-08098/21,"<a target=""_blank""  href=""/xmlpserver/EVVET3 PW NEW/Subject Area Contents/Public Website/Report (PDF)/AER.xdo?_xpf=&_xpt=1&_params%2FOracle%20BI%20EE%3A%3ADefaultApp%3A%3AEVVET3%20PR%20NEW%2FAER%3A%3Adimension%2FAER%20Id%3A%3Aattribute%3A%3Anoaggr%3A%3Axsd%3Adouble=1598454&_xt=AER&_xf=pdf""> AER </a>",2021-12-02 00:00:00,Veterinarian,United Kingdom,MALE,Unknown,Cat (other),Solensia 7 mg/ml - Solution for injection,"Death by euthanasia, Pleural effusion",2,2,1